{
    "AES": {
        "encryption": {
            "128-bit-e": 2.8738975524902345e-05,
            "192-bit-e": 2.8073787689208984e-05,
            "256-bit-e": 2.3686885833740233e-05
        },
        "decruption": {
            "128-bit-d": 2.4764537811279298e-05,
            "192-bit-d": 2.5348663330078123e-05,
            "256-bit-d": 2.4290084838867186e-05
        }
    },
    "RSA": {
        "encryption": {
            "1024-bit-e": 0.0011368179321289062,
            "2048-bit-e": 0.0017232656478881835,
            "4096-bit-e": 0.0033036446571350097
        },
        "decryption": {
            "1024-bit-d": 0.035493288040161136,
            "2048-bit-d": 0.07689448595046997,
            "4096-bit-d": 0.19270272970199584
        }
    }
}